<?xml version="1.0" encoding="utf-8" standalone="yes"?>
<SpriteStudioKeyBindings version="1.00.00">
	<Item Command="About" WinHide="1"/>
	<Item Command="Options" Accel="Def+," WinHide="1"/>
	<Item Command="HideSpriteStudio" Accel="Def+H" WinHide="1"/>
	<Item Command="HideOthers" Accel="Def+Alt+H" WinHide="1"/>
	<Item Command="ShowAll" WinHide="1"/>
	<Item Command="Exit" Accel="Def+Q" WinHide="1"/>
	<Item Command="NewProject" />
	<Item Command="OpenProject" Accel="Def+O" />
	<Item Command="SaveProject" />
	<Item Command="ProjectOptions" Accel="Alt+F7" />
	<Item Command="CloseProject" />
	<Item Command="Save" Accel="Def+S" />
	<Item Command="SaveAs" />
	<Item Command="SaveAll" Accel="Def+Shift+S" />
	<Item Command="Undo" Accel="Def+Z" />
	<Item Command="Redo" Accel="Def+Y" />
	<Item Command="Cut" Accel="Def+X" />
	<Item Command="Copy" Accel="Def+C" />
	<Item Command="Paste" Accel="Def+V" />
	<Item Command="Delete" Accel="Del" />
	<Item Command="ResizeAnimation" />
	<Item Command="OptimizeKey" />
	<Item Command="ChangeCellmapReference" />
	<Item Command="PartToggleVisibility" />
	<Item Command="PartToggleAllVisibility" />
	<Item Command="PartToggleExcludeVisibility" />
	<Item Command="OptimizeKeyInParts" />
	<Item Command="FcGotoTop" />
	<Item Command="FcStepBack" />
	<Item Command="FcStop" />
	<Item Command="FcPlay" />
	<Item Command="FcStepForward" />
	<Item Command="FcGotoBottom" />
	<Item Command="FcLoopToggle" />
	<Item Command="NewAnimationFile" />
	<Item Command="NewCellMapFile" />
	<Item Command="NewEffectFile" />
	<Item Command="AddFile" />
	<Item Command="Import" Accel="Def+I" />
	<Item Command="Export" Accel="Def+E" />
	<Item Command="ExportAll" Accel="Def+Shift+E" />
	<Item Command="MakeSpriteSheet" />
	<Item Command="RenderAll" Accel="Def+R" />
	<Item Command="MinimizeWindow" Accel="Def+M" WinHide="1"/>
	<Item Command="ZoomWindow" WinHide="1"/>
	<Item Command="SaveLayout1" />
	<Item Command="SaveLayout2" />
	<Item Command="SaveLayout3" />
	<Item Command="RestoreLayout0" />
	<Item Command="RestoreLayout1" />
	<Item Command="RestoreLayout2" />
	<Item Command="RestoreLayout3" />
	<Item Command="ShowSourceList" />
	<Item Command="ShowObjectList" />
	<Item Command="ShowSourceObject" />
	<Item Command="ShowLayout" />
	<Item Command="ShowFrameControl" />
	<Item Command="ShowLayoutInfo" />
	<Item Command="ShowAttribute" />
	<Item Command="ToggleFullScreen" Accel="Ctrl+Def+F" WinHide="1" />
	<Item Command="MultiAnimation" />
	<Item Command="Whatslabs" />
	<Item Command="Help" Accel="F1" />
	<Item Command="OpenShortcutListPage" />
	<Item Command="OpenSpriteStudioHomePage" />
	<Item Command="OpenUserSupportHomePage" />
	<Item Command="OpenUserCommunityPage" />
	<Item Command="WebTechnologyUpdate" />
	<Item Command="WebTechnologyUpdateSettings" />
	<Item Command="LicenseInfo" />
	<Item Command="DuplicateFile" />
	<Item Command="OpenEffectFile" />
	<Item Command="DeleteFile" />
	<Item Command="RemoveFromProject" />
	<Item Command="RenameFile" />
	<Item Command="ShowInExplorer" />
	<Item Command="ReloadCellMap" />
	<Item Command="ChangeCellMapImage" />
	<Item Command="ReloadCellMapImage" />
	<Item Command="CellMapSetting" />
	<Item Command="ReloadImage" />
	<Item Command="AddAnimation" />
	<Item Command="DuplicateAnimation"	/>
	<Item Command="DeleteAnimation" />
	<Item Command="RenameAnimation" />
	<Item Command="MakeSpriteSheetAM" />
	<Item Command="EditCell" />
	<Item Command="AddCell" />
	<Item Command="DeleteCell" />
	<Item Command="RenameCell" />
	<Item Command="SortCellList" />
	<Item Command="AddPart" />
	<Item Command="AddEmitterPart" />
	<Item Command="CutPart" />
	<Item Command="CopyPart" />
	<Item Command="PastePart" />
	<Item Command="DuplicatePart" />
	<Item Command="DeletePart" />
	<Item Command="RenamePart" />
	<Item Command="ExcludeChildSelection" />
	<Item Command="FoldOrExpand" />
	<Item Command="JumpToSourceAnime" />
	<Item Command="ReturnTopParentAnime" />
	<Item Command="ClearPlayArea" />
	<Item Command="AddLabel" />
	<Item Command="RenameLabel" />
	<Item Command="DeleteLabel" />
	<Item Command="SelectColumn" />
	<Item Command="EffectEditorAddEmiter" />
	<Item Command="EffectEditorDeleteObject" />
	<Item Command="EffectEditorRename" />
	<Item Command="AddKeyframe" />
	<Item Command="CutKeyframe" />
	<Item Command="CopyKeyframe" />
	<Item Command="PasteKeyframe" />
	<Item Command="PasteKeyframeInsert" />
	<Item Command="DuplicatePreviousKeyframe" />
	<Item Command="DeleteKeyframe" />
	<Item Command="OptimizeKeyInSelection" />
	<Item Command="ExcludeBlankSelection" />
	<Item Command="InsertFrame" />
	<Item Command="DeleteFrame" />
	<Item Command="HidePart" />
	<Item Command="ShowHiddenParts" />
	<Item Command="LockPart" />
	<Item Command="UnlockAllParts" />
	<Item Command="SourceObjectCreateCell" />
	<Item Command="SourceObjectDetachCell" />
	<Item Command="SourceObjectInputPosSize" />
	<Item Command="CurveEditorDeleteKey" />
	<Item Command="CurveEditorParamDlg" />
</SpriteStudioKeyBindings>
