﻿<?xml version="1.0" encoding="utf-8" standalone="yes"?>
<SpriteStudioStringTable version="1.00.00">
	<Commands>
		<!-- Command Category -->
		<Item text="Application Menu (Mac Only)" id="Category_MacAppMenu" />
		<Item text="File" id="Category_File" />
		<Item text="Project" id="Category_Project" />
		<Item text="Edit" id="Category_Edit" />
		<Item text="Animation File Edit" id="Category_AnimeFileEdit" />
		<Item text="Animation Edit" id="Category_AnimationEdit" />
		<Item text="Parts Edit Status(Lock/Visibility/Color Label)" id="Category_PartsEditStatus" />
		<Item text="Selection" id="Category_Selection" />
		<Item text="Move" id="Category_Move" />
		<Item text="Cell Map Edit" id="Category_CellMapEdit" />
		<Item text="Cell List" id="Category_CellList" />
		<Item text="Animation Playback Control" id="Category_AnimationPlaybackControl" />
		<Item text="Window" id="Category_Window" />
		<Item text="Labs" id="Category_Labs" />
		<Item text="Help" id="Category_Help" />

		<!-- Command -->
		<Item text="About SpriteStudio" id="About" />
		<Item text="Preferences" id="Options" />
		<Item text="Hide SpriteStudio" id="HideSpriteStudio"/>
		<Item text="Hide Others" id="HideOthers"/>
		<Item text="Show All" id="ShowAll" />
		<Item text="Quit" id="Exit"/>
		<Item text="New Project" id="NewProject"/>
		<Item text="Open Project" id="OpenProject"/>
		<Item text="Save Project" id="SaveProject"/>
		<Item text="Project Settings" id="ProjectOptions"/>
		<Item text="Close Project" id="CloseProject"/>
		<Item text="Save" id="Save"/>
		<Item text="Save As" id="SaveAs" />
		<Item text="Save All" id="SaveAll"/>
		<Item text="Undo" id="Undo"/>
		<Item text="Redo" id="Redo"/>
		<Item text="Cut" id="Cut" />
		<Item text="Copy" id="Copy"/>
		<Item text="Paste" id="Paste"/>
		<Item text="Delete" id="Delete"/>
		<Item text="Resize" id="ResizeAnimation"/>
		<Item text="Remove Changeless Keys" id="OptimizeKey"/>
		<Item text="Change Cellmap Reference" id="ChangeCellmapReference"/>
		<Item text="Show/Hide Active Parts" id="PartToggleVisibility"/>
		<Item text="Show/Hide All Parts" id="PartToggleAllVisibility"/>
		<Item text="Show/Hide Other Parts" id="PartToggleExcludeVisibility"/>
		<Item text="Remove Changeless Keys" id="OptimizeKeyInParts"/>
		<Item text="Goto Top" id="AnimeGotoTopFrame" />
		<Item text="Step Back" id="AnimeStepBack" />
		<Item text="Stop" id="AnimeStop" />
		<Item text="Play" id="AnimePlay" />
		<Item text="Step Forward" id="AnimeStepForward" />
		<Item text="Goto Bottom" id="AnimeGotoBottomFrame" />
		<Item text="Toggle Loop" id="AnimeToggleLoop" />
		<Item text="Animation" id="NewAnimationFile"/>
		<Item text="Cell Map" id="NewCellMapFile"/>
		<Item text="Effect" id="NewEffectFile"/>
		<Item text="Add Existing File" id="AddFile"/>
		<Item text="Import" id="Import"/>
		<Item text="Export" id="Export"/>
		<Item text="Export All" id="ExportAll"/>
		<Item text="Make Sprite Sheet" id="MakeSpriteSheet"/>
		<Item text="Rendering" id="RenderAll"/>
		<Item text="Minimize" id="MinimizeWindow"/>
		<Item text="Zoom" id="ZoomWindow"/>
		<Item text="Layout 1" id="SaveLayout1"/>
		<Item text="Layout 2" id="SaveLayout2"/>
		<Item text="Layout 3" id="SaveLayout3"/>
		<Item text="Default" id="RestoreLayout0"/>
		<Item text="Layout 1" id="RestoreLayout1"/>
		<Item text="Layout 2" id="RestoreLayout2"/>
		<Item text="Layout 3" id="RestoreLayout3"/>
		<Item text="Project" id="ShowSourceList" />
		<Item text="Cell List" id="ShowObjectList"/>
		<Item text="Cell Map" id="ShowSourceObject"/>
		<Item text="Layout" id="ShowLayout"/>
		<Item text="Frame Control" id="ShowFrameControl"/>
		<Item text="Layout Info" id="ShowLayoutInfo"/>
		<Item text="Attributes" id="ShowAttribute"/>
		<Item text="Enter Full Screen" id="ToggleFullScreen" />
		<Item text="Multi Animation Preview" id="MultiAnimation"/>
		<Item text="What is 'OPTPiX Labs'?" id="Whatslabs"/>
		<Item text="Help" id="Help"/>
		<Item text="Shortcut Key List" id="OpenShortcutListPage"/>
		<Item text="Product Page" id="OpenSpriteStudioHomePage"/>
		<Item text="User Support Page" id="OpenUserSupportHomePage"/>
		<Item text="User Community" id="OpenUserCommunityPage"/>
		<Item text="Web Technology Updates" id="WebTechnologyUpdate"/>
		<Item text="Web Technology Update Settings" id="WebTechnologyUpdateSettings"/>
		<Item text="Manage License" id="LicenseInfo"/>
		<Item text="Duplicate File" id="DuplicateFile"/>
		<Item text="Open" id="OpenEffectFile"/>
		<Item text="Delete File" id="DeleteFile"/>
		<Item text="Remove From Project" id="RemoveFromProject"/>
		<Item text="Rename" id="RenameFile"/>
		<Item text="Show in Explorer(Finder)" id="ShowInExplorer"/>
		<Item text="Reload" id="ReloadCellMap"/>
		<Item text="Change Reference Image" id="ChangeCellMapImage"/>
		<Item text="Reload Reference Image" id="ReloadCellMapImage"/>
		<Item text="Settings" id="CellMapSetting"/>
		<Item text="Reload" id="ReloadImage"/>
		<Item text="Add" id="AddAnimation"/>
		<Item text="Duplicate" id="DuplicateAnimation"/>
		<Item text="Delete" id="DeleteAnimation"/>
		<Item text="Rename" id="RenameAnimation"/>
		<Item text="Make Sprite Sheet" id="MakeSpriteSheetAM"/>
		<Item text="Rendering" id="RenderAllAM"/>
		<Item text="Edit" id="EditCell"/>
		<Item text="Add" id="AddCell"/>
		<Item text="Delete" id="DeleteCell"/>
		<Item text="Rename" id="RenameCell"/>
		<Item text="Sort" id="SortCellList"/>
		<Item text="Add NULL Parts" id="AddPart"/>
		<Item text="Add Effect Parts" id="AddEmitterPart"/>
		<Item text="Cut" id="CutPart"/>
		<Item text="Copy" id="CopyPart"/>
		<Item text="Paste" id="PastePart"/>
		<Item text="Duplicate" id="DuplicatePart"/>
		<Item text="Delete" id="DeletePart"/>
		<Item text="Rename" id="RenamePart"/>
		<Item text="Exclude child selection" id="ExcludeChildSelection"/>
		<Item text="Fold/Expand" Type="1" id="FoldOrExpand"/>
		<Item text="Jump to source animation" id="JumpToSourceAnime"/>
		<Item text="Return to parent animation" id="ReturnTopParentAnime"/>
		<Item text="Clear Play Area" id="ClearPlayArea"/>
		<Item text="Add Label" id="AddLabel"/>
		<Item text="Rename Label" id="RenameLabel"/>
		<Item text="Delete Label" id="DeleteLabel"/>
		<Item text="Select Column" id="SelectColumn"/>
		<Item text="Add Emitter" id="EffectEditorAddEmiter"/>
		<Item text="Delete Object" id="EffectEditorDeleteObject"/>
		<Item text="Rename Object" id="EffectEditorRename"/>
		<Item text="Add Key" id="AddKeyframe"/>
		<Item text="Cut" id="CutKeyframe"/>
		<Item text="Copy" id="CopyKeyframe"/>
		<Item text="Paste (Overwrite)" id="PasteKeyframe"/>
		<Item text="Paste (Insert)" id="PasteKeyframeInsert"/>
		<Item text="Duplicate Previous Key" id="DuplicatePreviousKeyframe"/>
		<Item text="Delete Key" id="DeleteKeyframe"/>
		<Item text="Remove Changeless Keys" id="OptimizeKeyInSelection"/>
		<Item text="Change Interpolation" id="ChangeIpType"/>
		<Item text="Exclude Blank Selection" id="ExcludeBlankSelection"/>
		<Item text="Insert Frame" id="InsertFrame"/>
		<Item text="Delete Frame" id="DeleteFrame"/>
		<Item text="Hide" id="HidePart"/>
		<Item text="Show Hidden Parts" id="ShowHiddenParts"/>
		<Item text="Lock" id="LockPart"/>
		<Item text="Unlock All Parts" id="UnlockAllParts"/>
		<Item text="Create Cell" id="CmCreateCell" />
		<Item text="Detach From Cell" id="CmDetachCell" />
		<Item text="Specify Cell Position And Size" id="CmInputCellPosSize" />
		<Item text="Delete" id="CeDeleteKey" />
		<Item text="Edit Curve Parameter" id="CeInputCurveParam" />
		<Item text="Step Back" id="AnimeStepBack" />
		<Item text="AnimeStepForward" id="AnimeStepForward" />
		<Item text="Move To Previous Key" id="AnimeMoveToPrevKey" />
		<Item text="Toggle Playback/Stop" id="AnimeTogglePlayState" />
		<Item text="Move To Next Key" id="AnimeMoveToNextKey" />
		<Item text="Zoom In" id="ZoomIn" />
		<Item text="Zoom Out" id="ZoomOut" />
		<Item text="Deselect" id="Deselect" />
		<Item text="Switch To Translation Mode" id="LoTransMode" />
		<Item text="Switch To Rotation Mode" id="LoRotationMode" />
		<Item text="Switch To Scale Mode" id="LoScaleMode" />
		<Item text="Toggle Parental Relation" id="LoToggleParentalRelation" />
		<Item text="Reset View Position" id="LoResetViewPosition" />
		<Item text="Zoom Keys In Selection Or Playback Range" id="CeZoomKeysInSelectionOrPlaybackRange" />
		<Item text="Zoom All Keys In The View" id="CeZoomAllKeys" />
		<Item text="Expand All Children" id="FcTreeExpandAllChildrenParts" />
		<Item text="Toggle Chart Selection" id="FcChartToggleSelection" />
		<Item text="Scale Animation Length" id="ScaleAnimationLength" />
		
		<!-- Set Color Label -->
		<Item text="Set Color Label:None"		id="SetPartColorLabelNone" />
		<Item text="Set Color Label:Red"		id="SetPartColorLabelRed" />
		<Item text="Set Color Label:Orange"		id="SetPartColorLabelOrange" />
		<Item text="Set Color Label:Yellow"		id="SetPartColorLabelYellow" />
		<Item text="Set Color Label:Green"		id="SetPartColorLabelGreen" />
		<Item text="Set Color Label:Blue"		id="SetPartColorLabelBlue" />
		<Item text="Set Color Label:Violet"		id="SetPartColorLabelViolet" />
		<Item text="Set Color Label:Gray"		id="SetPartColorLabelGray" />

		<!-- Window Name -->
		<Item text="Main Window"	id="MainWindow" />
		<Item text="Project"		id="Project" />
		<Item text="Cell List"		id="CellList" />
		<Item text="Cell Map"		id="CellMap" />
		<Item text="Layout"			id="Layout" />
		<Item text="Attribute"		id="Attribute" />
		<Item text="Frame Control"	id="FrameControl" />
		<Item text="Curve Editor"	id="CurveEditor" />
		<Item text="Cell Editor"	id="CellEditor" />
		<Item text="Effect Editor"	id="EffectEditor" />

	</Commands>
</SpriteStudioStringTable>
