<?xml version="1.0" encoding="utf-8" standalone="yes"?>
<SpriteStudioStringTable version="1.00.00">
	<Commands>
		<Item text="SpriteStudioについて" id="About" />
		<Item text="環境設定" id="Options" />
		<Item text="SpriteStudioを隠す" id="HideSpriteStudio" />
		<Item text="ほかを隠す" id="HideOthers" />
		<Item text="すべてを表示" id="ShowAll" />
		<Item text="終了" id="Exit" />
		<Item text="新規プロジェクト" id="NewProject" />
		<Item text="プロジェクトを開く" id="OpenProject" />
		<Item text="プロジェクトを保存" id="SaveProject" />
		<Item text="プロジェクトの設定" id="ProjectOptions" />
		<Item text="プロジェクトを閉じる" id="CloseProject" />
		<Item text="上書き保存" id="Save" />
		<Item text="名前を付けて保存" id="SaveAs" />
		<Item text="すべて保存" id="SaveAll" />
		<Item text="元に戻す" id="Undo" />
		<Item text="やり直し" id="Redo" />
		<Item text="切り取り" id="Cut" />
		<Item text="コピー" id="Copy" />
		<Item text="貼り付け" id="Paste" />
		<Item text="削除" id="Delete" />
		<Item text="リサイズ" id="ResizeAnimation"/>
		<Item text="無変化キーの削除" id="OptimizeKey"/>
		<Item text="参照先セルマップの変更" id="ChangeCellmapReference" />
		<Item text="現在のパーツの表示・非表示切り替え" id="PartToggleVisibility" />
		<Item text="すべてのパーツを可視 / 不可視にする" id="PartToggleAllVisibility" />
		<Item text="現在のパーツ以外を可視 / 不可視にする" id="PartToggleExcludeVisibility" />
		<Item text="無変化キーの削除" id="OptimizeKeyInParts" />
		<Item text="再生位置を先頭へ" id="AnimeGotoTopFrame" />
		<Item text="再生位置を１フレーム前へ" id="AnimeStepBack" />
		<Item text="アニメーションの停止" id="AnimeStop" />
		<Item text="アニメーションの再生" id="AnimePlay" />
		<Item text="再生位置を１フレーム次へ" id="AnimeStepForward" />
		<Item text="再生位置を末尾へ" id="AnimeGotoBottomFrame" />
		<Item text="ループ再生" id="AnimeToggleLoop" />
		<Item text="アニメーションの新規作成" id="NewAnimationFile" />
		<Item text="セルマップの新規作成" id="NewCellMapFile" />
		<Item text="エフェクトの新規作成" id="NewEffectFile" />
		<Item text="既存ファイルの追加" id="AddFile" />
		<Item text="インポート" id="Import" />
		<Item text="エクスポート" id="Export" />
		<Item text="すべてエクスポート" id="ExportAll" />
		<Item text="スプライトシート生成" id="MakeSpriteSheet"  />
		<Item text="レンダリング" id="RenderAll" />
		<Item text="しまう" id="MinimizeWindow" />
		<Item text="ズーム" id="ZoomWindow" />
		<Item text="レイアウトを保存１" id="SaveLayout1" />
		<Item text="レイアウトを保存２" id="SaveLayout2" />
		<Item text="レイアウトを保存３" id="SaveLayout3" />
		<Item text="レイアウトを出荷状態" id="RestoreLayout0" />
		<Item text="レイアウトを復帰１" id="RestoreLayout1" />
		<Item text="レイアウトを復帰２" id="RestoreLayout2" />
		<Item text="レイアウトを復帰３" id="RestoreLayout3" />
		<Item text="プロジェクトを表示" id="ShowSourceList" />
		<Item text="セル リストを表示" id="ShowObjectList" />
		<Item text="セルマップを表示" id="ShowSourceObject" />
		<Item text="レイアウトを表示" id="ShowLayout" />
		<Item text="フレーム コントロールを表示" id="ShowFrameControl" />
		<Item text="レイアウト情報を表示" id="ShowLayoutInfo" />
		<Item text="アトリビュートを表示" id="ShowAttribute"  />
		<Item text="フルスクリーンにする" id="ToggleFullScreen" />
		<Item text="複数アニメーションの重ね描画" id="MultiAnimation" />
		<Item text="OPTPiX Labsとは？" id="Whatslabs" />
		<Item text="ヘルプ" id="Help" />
		<Item text="ショートカットキー一覧" id="OpenShortcutListPage" />
		<Item text="製品ページ " id="OpenSpriteStudioHomePage" />
		<Item text="ユーザーサポートページ" id="OpenUserSupportHomePage" />
		<Item text="ユーザーコミュニティ " id="OpenUserCommunityPage" />
		<Item text="Web Technology Update" id="WebTechnologyUpdate" />
		<Item text="Web Technology Updateの設定" id="WebTechnologyUpdateSettings" />
		<Item text="ライセンス管理" id="LicenseInfo" />
		<Item text="ファイルの複製" id="DuplicateFile" />
		<Item text="エフェクトファイルを開く" id="OpenEffectFile" />
		<Item text="ファイルの削除" id="DeleteFile" />
		<Item text="プロジェクトから除外" id="RemoveFromProject" />
		<Item text="ファイルの名前の変更" id="RenameFile" />
		<Item text="エクスプローラ(Finder)で開く" id="ShowInExplorer" />
		<Item text="セルマップのリロード" id="ReloadCellMap" />
		<Item text="参照イメージの変更" id="ChangeCellMapImage" />
		<Item text="参照イメージのリロード" id="ReloadCellMapImage" />
		<Item text="セルマップの設定" id="CellMapSetting" />
		<Item text="イメージのリロード" id="ReloadImage" />
		<Item text="アニメーションの追加" id="AddAnimation" />
		<Item text="アニメーションの複製" id="DuplicateAnimation" />
		<Item text="アニメーションの削除" id="DeleteAnimation" />
		<Item text="アニメーションの名前の変更" id="RenameAnimation" />
		<Item text="スプライトシート生成" id="MakeSpriteSheetAM" />
		<Item text="レンダリング" id="RenderAllAM" />
		<Item text="セルの編集" id="EditCell" />
		<Item text="セルの追加" id="AddCell" />
		<Item text="セルの削除" id="DeleteCell" />
		<Item text="セルの名前の変更" id="RenameCell" />
		<Item text="セルリストのソート" id="SortCellList" />
		<Item text="NULLパーツの追加" id="AddPart" />
		<Item text="エフェクトパーツの追加" id="AddEmitterPart" />
		<Item text="パーツの切り取り" id="CutPart" />
		<Item text="パーツのコピー" id="CopyPart" />
		<Item text="パーツの貼り付け" id="PastePart" />
		<Item text="パーツの複製" id="DuplicatePart" />
		<Item text="パーツの削除" id="DeletePart" />
		<Item text="パーツの名前の変更" id="RenamePart" />
		<Item text="子パーツの選択を解除する" id="ExcludeChildSelection" />
		<Item text="パーツ表示折り畳み/展開" id="FoldOrExpand" />
		<Item text="ソースアニメーションへ移動する" id="JumpToSourceAnime" />
		<Item text="配置アニメーションへ戻る" id="ReturnTopParentAnime" />
		<Item text="再生区間情報のクリア" id="ClearPlayArea" />
		<Item text="ラベルの追加" id="AddLabel" />
		<Item text="ラベルの名前を変更" id="RenameLabel" />
		<Item text="ラベルの削除" id="DeleteLabel" />
		<Item text="列を選択する" id="SelectColumn" />
		<Item text="エミッターの追加" id="EffectEditorAddEmiter" />
		<Item text="エミッターの削除" id="EffectEditorDeleteObject" />
		<Item text="エミッターの名前の変更" id="EffectEditorRename" />
		<Item text="キーの追加" id="AddKeyframe" />
		<Item text="キーの切り取り" id="CutKeyframe" />
		<Item text="キーのコピー" id="CopyKeyframe" />
		<Item text="キーの貼り付け (上書き)" id="PasteKeyframe" />
		<Item text="キーの貼り付け (挿入)" id="PasteKeyframeInsert" />
		<Item text="前のキーを複製" id="DuplicatePreviousKeyframe" />
		<Item text="キーの削除" id="DeleteKeyframe" />
		<Item text="無変化キーの削除" id="OptimizeKeyInSelection" />
		<Item text="空白フレームの選択を解除する" id="ExcludeBlankSelection" />
		<Item text="フレームの挿入" id="InsertFrame" />
		<Item text="フレームの削除" id="DeleteFrame" />
		<Item text="パーツを隠す" id="HidePart" />
		<Item text="隠したパーツを表示" id="ShowHiddenParts" />
		<Item text="パーツをロック" id="LockPart" />
		<Item text="全パーツのロックを解除" id="UnlockAllParts" />
		<Item text="セル作成" WinShortcut="C" id="CmCreateCell" />
		<Item text="セルとの関連付けを解除" id="CmDetachCell" />
		<Item text="位置とサイズの指定" id="CmInputCellPosSize" />
		<Item text="削除" WinShortcut="D" id="CeDeleteKey" />
		<Item text="カーブパラメータの数値入力" id="CeInputCurveParam" />
		<!-- -->
		<Item text="再生位置を１フレーム前へ" id="AnimeStepBack" />
		<Item text="再生位置を１フレーム次へ" id="AnimeStepForward" />
		<Item text="前のキーフレームへ移動" id="AnimeMoveToPrevKey" />
		<Item text="再生/停止する" id="AnimeTogglePlayState" />
		<Item text="次のキーフレームへ移動" id="AnimeMoveToNextKey" />
		<Item text="拡大する" id="ZoomIn" />
		<Item text="縮小する" id="ZoomOut" />
		<Item text="選択を解除する" id="Deselect" />
		<Item text="移動モードにする" id="LoTransMode" />
		<Item text="回転モードにする" id="LoRotationMode" />
		<Item text="スケールモードにする" id="LoScaleMode" />
		<Item text="親子関係解除モードをOn/Offする" id="LoToggleParentalRelation" />
		<Item text="視点を原点位置にリセットする" id="LoResetViewPosition" />
		<Item text="選択(再生)範囲で最大化する" id="CeZoomKeysSelectedOrInPlaybackRange" />
		<Item text="すべてのキーが収まるようズームアウトする" id="CeZoomAllKeys" />
		<Item text="すべての子パーツを展開する" id="FcTreeExpandAllChildrenParts" />
		<Item text="チャートの範囲選択をOn/Offする" id="FcChartToggleSelection" />
		
		<!-- カラーラベル指定 -->
		<Item text="カラーラベルを指定：なし"		id="SetPartColorLabelNone" />
		<Item text="カラーラベルを指定：レッド"		id="SetPartColorLabelRed" />
		<Item text="カラーラベルを指定：オレンジ"	id="SetPartColorLabelOrange" />
		<Item text="カラーラベルを指定：イエロー"	id="SetPartColorLabelYellow" />
		<Item text="カラーラベルを指定：グリーン"		id="SetPartColorLabelGreen" />
		<Item text="カラーラベルを指定：ブルー"		id="SetPartColorLabelBlue" />
		<Item text="カラーラベルを指定：ヴァイオレット"	id="SetPartColorLabelViolet" />
		<Item text="カラーラベルを指定：グレー"		id="SetPartColorLabelGray" />

		<!-- ウィンドウ名 -->
		<Item text="メインウィンドウ"		id="MainWindow" />
		<Item text="プロジェクト"		id="Project" />
		<Item text="セルリスト"			id="CellList" />
		<Item text="セルマップ"			id="CellMap" />
		<Item text="レイアウト"			id="Layout" />
		<Item text="アトリビュート"		id="Attribute" />
		<Item text="フレームコントロール"	id="FrameControl" />
		<Item text="カーブエディタ"		id="CurveEditor" />
		<Item text="セル編集"			id="CellEditor" />
		<Item text="エフェクトエディタ"	id="EffectEditor" />

	</Commands>
</SpriteStudioStringTable>
