<?xml version="1.0" encoding="utf-8" standalone="yes"?>
<SpriteStudioKeyBindings version="1.00.00">

	<!-- Global Accelerator Keys -->

	<!-- SpriteStudio Menu (Mac Only) -->
	<Item Separator="Category_MacAppMenu" WinHide="1" />
	<Item Command="HideSpriteStudio" Accel="Def+H" WinHide="1"/>
	<Item Command="HideOthers" Accel="Def+Alt+H" WinHide="1"/>
	<Item Command="ShowAll" WinHide="1"/>

	<!-- File -->
	<Item Separator="Category_File" />
	<Item Command="NewProject" />
	<Item Command="OpenProject" Accel="Def+O" />
	<Item Command="SaveProject" />
	<Item Command="ProjectOptions" Accel="Alt+F7" />
	<Item Command="CloseProject" />
	<Item Command="Save" Accel="Def+S" />
	<Item Command="SaveAs" />
	<Item Command="SaveAll" Accel="Def+Shift+S" />
	<Item Command="Options" Accel="Def+," WinHide="1"/>
	<Item Command="Exit" Accel="Def+Q" WinHide="1"/>

	<!-- Project -->
	<Item Separator="Category_Project" />
	<Item Command="NewAnimationFile" />
	<Item Command="NewCellMapFile" />
	<Item Command="NewEffectFile" />
	<Item Command="DuplicateFile" />
	<Item Command="RenameFile" />
	<Item Command="AddFile" />
	<Item Command="DeleteFile" />
	<Item Command="RemoveFromProject" />
	<Item Command="OpenEffectFile" />
	<Item Command="ShowInExplorer" />
	<Item Command="ReloadCellMap" />
	<Item Command="ChangeCellMapImage" />
	<Item Command="CellMapSetting" />
	<Item Command="ReloadCellMapImage" />
	<Item Command="ReloadImage" />
	<Item Command="Import" Accel="Def+I" />
	<Item Command="Export" Accel="Def+E" />
	<Item Command="ExportAll" Accel="Def+Shift+E" />
	<Item Command="MakeSpriteSheet" />
	<Item Command="RenderAll" Accel="Def+R" />

	<!-- Edit -->
	<Item Separator="Category_Edit" />
	<Item Command="Undo" Accel="Def+Z" />
	<Item Command="Redo" Accel="Def+Y" />
	<Item Command="Cut" Accel="Def+X" />
	<Item Command="Copy" Accel="Def+C" />
	<Item Command="Paste" Accel="Def+V" />
	<Item Command="Delete" Accel="Del" />

	<!-- Animation File Edit -->
	<Item Separator="Category_AnimeFileEdit" />
	<Item Command="AddAnimation" />
	<Item Command="DuplicateAnimation"	/>
	<Item Command="DeleteAnimation" />
	<Item Command="RenameAnimation" />
	<Item Command="MakeSpriteSheetAM" />

	<!-- Animation Edit -->
	<Item Separator="Category_AnimationEdit" />
	<Item Command="AddPart" />
	<Item Command="AddEmitterPart" />
	<Item Command="CutPart" />
	<Item Command="CopyPart" />
	<Item Command="PastePart" />
	<Item Command="DuplicatePart" />
	<Item Command="DeletePart" />
	<Item Command="RenamePart" />
	<Item Command="AddKeyframe" />
	<Item Command="CutKeyframe" />
	<Item Command="CopyKeyframe" />
	<Item Command="PasteKeyframe" />
	<Item Command="PasteKeyframeInsert" />
	<Item Command="DuplicatePreviousKeyframe" />
	<Item Command="DeleteKeyframe" />
	<Item Command="OptimizeKeyInSelection" />
	<Item Command="InsertFrame" />
	<Item Command="DeleteFrame" />
	<Item Command="OptimizeKeyInParts" />
	<Item Command="ResizeAnimation" />
	<Item Command="OptimizeKey" />
	<Item Command="ChangeCellmapReference" />
	<Item Command="ScaleAnimationLength" />

	<!-- Parts Visibility, Lock Status, Appearances -->
	<Item Separator="Category_PartsEditStatus" />
	<Item Command="HidePart" />
	<Item Command="ShowHiddenParts" />
	<Item Command="PartToggleVisibility" />
	<Item Command="PartToggleAllVisibility" />
	<Item Command="PartToggleExcludeVisibility" />
	<Item Command="LockPart" />
	<Item Command="UnlockAllParts" />
	<Item Command="SetPartColorLabelNone" />
	<Item Command="SetPartColorLabelRed" />
	<Item Command="SetPartColorLabelOrange" />
	<Item Command="SetPartColorLabelYellow" />
	<Item Command="SetPartColorLabelGreen" />
	<Item Command="SetPartColorLabelBlue" />
	<Item Command="SetPartColorLabelViolet" />
	<Item Command="SetPartColorLabelGray" />

	<!-- Selection -->
	<Item Separator="Category_Selection" />
	<Item Command="ExcludeChildSelection" />
	<Item Command="FoldOrExpand" />
	<Item Command="ClearPlayArea" />
	<Item Command="SelectColumn" />

	<!-- Move -->
	<Item Separator="Category_Move" />
	<Item Command="JumpToSourceAnime" />
	<Item Command="ReturnTopParentAnime" />

	<!-- CellMap Edit -->
	<Item Separator="Category_CellMapEdit" />
	<Item Command="EditCell" />
	<Item Command="AddCell" />
	<Item Command="DeleteCell" />
	<Item Command="RenameCell" />

	<!-- Cell List -->
	<Item Separator="Category_CellList" />
	<Item Command="SortCellList" />

	<!-- Animation Playback Control -->
	<Item Separator="Category_AnimationPlaybackControl" />
	<Item Command="AnimeGotoTopFrame" />
	<Item Command="AnimeStepBack" />
	<Item Command="AnimeStepForward" />
	<Item Command="AnimeStop" />
	<Item Command="AnimePlay" />
	<Item Command="AnimeGotoBottomFrame" />
	<Item Command="AnimeToggleLoop" />
	<Item Command="AnimeTogglePlayState" Accel="Def+P" />

	<!-- Window -->
	<Item Separator="Category_Window" />
	<Item Command="SaveLayout1" />
	<Item Command="SaveLayout2" />
	<Item Command="SaveLayout3" />
	<Item Command="RestoreLayout0" />
	<Item Command="RestoreLayout1" />
	<Item Command="RestoreLayout2" />
	<Item Command="RestoreLayout3" />
	<Item Command="ShowSourceList" />
	<Item Command="ShowObjectList" />
	<Item Command="ShowSourceObject" />
	<Item Command="ShowLayout" />
	<Item Command="ShowFrameControl" />
	<Item Command="ShowLayoutInfo" />
	<Item Command="ShowAttribute" />
	<Item Command="MinimizeWindow" Accel="Def+M" WinHide="1"/>
	<Item Command="ZoomWindow" WinHide="1"/>
	<Item Command="ToggleFullScreen" Accel="Ctrl+Def+F" WinHide="1" />

	<!-- Labs -->
	<Item Separator="Category_Labs" />
	<Item Command="MultiAnimation" />
	<Item Command="Whatslabs" />

	<!-- Help -->
	<Item Separator="Category_Help" />
	<Item Command="Help" Accel="F1" />
	<Item Command="OpenShortcutListPage" />
	<Item Command="OpenSpriteStudioHomePage" />
	<Item Command="OpenUserSupportHomePage" />
	<Item Command="OpenUserCommunityPage" />
	<Item Command="WebTechnologyUpdate" />
	<Item Command="WebTechnologyUpdateSettings" />
	<Item Command="LicenseInfo" />
	<Item Command="About"/>

	<!-- Individual Accelerator Keys for each window -->

	<!-- for FrameControl -->
	<Item Separator="FrameControl" />
	<Item Command="AnimeStepBack" Accel="," Target="FrameControl"/>
	<Item Command="AnimeStepForward" Accel="." Target="FrameControl"/>
	<Item Command="AnimeMoveToPrevKey" Accel="A" Target="FrameControl"/>
	<Item Command="AnimeTogglePlayState" Accel="S" Target="FrameControl"/>
	<Item Command="AnimeMoveToNextKey" Accel="D" Target="FrameControl"/>
	<Item Command="ZoomIn" Accel="Def+;" Target="FrameControl"/>
	<Item Command="ZoomOut" Accel="Def+-" Target="FrameControl"/>
	<Item Command="AddKeyframe" Accel="Def+A" Target="FrameControl" />
	<Item Command="DuplicatePreviousKeyframe" Accel="Def+D" Target="FrameControl" />
	<Item Command="FcTreeExpandAllChildrenParts" Accel="Shift+:" Target="FrameControl"/>
	<Item Command="FcChartToggleSelection" Accel="Def+Space" Target="FrameControl"/>
	<Item Command="ExcludeBlankSelection" Target="FrameControl"/>
	<Item Command="AddLabel" Target="FrameControl" />
	<Item Command="RenameLabel" Target="FrameControl" />
	<Item Command="DeleteLabel" Target="FrameControl" />

	<!-- for Layout -->
	<Item Separator="Layout" />
	<Item Command="AnimeStepBack" Accel="," Target="Layout"/>
	<Item Command="AnimeStepForward" Accel="." Target="Layout"/>
	<Item Command="AnimeMoveToPrevKey" Accel="A" Target="Layout"/>
	<Item Command="AnimeTogglePlayState" Accel="S" Target="Layout"/>
	<Item Command="AnimeMoveToNextKey" Accel="D" Target="Layout"/>
	<Item Command="ZoomIn" Accel="Def+;" Target="Layout"/>
	<Item Command="ZoomOut" Accel="Def+-" Target="Layout"/>
	<Item Command="Deselect" Accel="Def+D" Target="Layout"/>
	<Item Command="LoTransMode" Accel="Q" Target="Layout"/>
	<Item Command="LoScaleMode" Accel="W" Target="Layout"/>
	<Item Command="LoRotationMode" Accel="E" Target="Layout"/>
	<Item Command="LoToggleParentalRelation" Accel="R" Target="Layout"/>
	<Item Command="LoResetViewPosition" Accel="F" Target="Layout"/>

	<!-- for CurveEditor -->
	<Item Separator="CurveEditor" />
	<Item Command="AnimeStepBack" Accel="Left" Target="CurveEditor"/>
	<Item Command="AnimeStepForward" Accel="Right" Target="CurveEditor"/>
	<Item Command="AnimeMoveToPrevKey" Accel="Shift+," Target="CurveEditor"/>
	<Item Command="AnimeTogglePlayState" Accel="S" Target="CurveEditor"/>
	<Item Command="AnimeMoveToNextKey" Accel="Shift+." Target="CurveEditor"/>
	<Item Command="ZoomIn" Accel="Def+;" Target="CurveEditor"/>
	<Item Command="ZoomOut" Accel="Def+-" Target="CurveEditor"/>
	<Item Command="CeZoomKeysSelectedOrInPlaybackRange" Accel="F" Target="CurveEditor"/>
	<Item Command="CeZoomAllKeys" Accel="A" Target="CurveEditor"/>
	<Item Command="CeInputCurveParam" Target="CurveEditor"/>

	<!-- for CellMap -->
	<Item Separator="CellMap" />
	<Item Command="ZoomIn" Accel="Def+;" Target="CellMap"/>
	<Item Command="ZoomOut" Accel="Def+-" Target="CellMap"/>
	<Item Command="CmCreateCell" Target="CellMap"/>
	<Item Command="CmDetachCell" Target="CellMap"/>
	<Item Command="CmInputCellPosSize" Target="CellMap"/>

	<!-- for Effect Editor -->
	<Item Separator="EffectEditor" />
	<Item Command="EffectEditorAddEmiter" Target="EffectEditor"/>
	<Item Command="EffectEditorDeleteObject" Target="EffectEditor" />
	<Item Command="EffectEditorRename"  Target="EffectEditor"/>

	<!-- for Cell List -->
	<!-- Item Separator="CellList" /-->

	<!-- for Cell Editor -->
	<!--Item Separator="CellEditor" /-->

	<!-- for Project -->
	<!--Item Separator="Project" /-->

	<!-- for Main Window -->
	<!--Item Separator="MainWindow" /-->

</SpriteStudioKeyBindings>
